Sort,Realm,Subrealm,Kingdom,Subkingdom,Phylum,Subphylum,Class,Subclass,Order,Suborder,Family,Subfamily,Genus,Subgenus,Species
1,,,Viruses,,Negarnaviricota,Haploviricotina,Chunqiuviricetes,,Muvirales,,Qinviridae,,Yingvirus,,Beihai yingvirus
2,,,Viruses,,Negarnaviricota,Haploviricotina,Chunqiuviricetes,,Muvirales,,Qinviridae,,Yingvirus,,Charybdis yingvirus
3,,,Viruses,,Negarnaviricota,Haploviricotina,Chunqiuviricetes,,Muvirales,,Qinviridae,,Yingvirus,,Hubei yingvirus
4,,,Viruses,,Negarnaviricota,Haploviricotina,Chunqiuviricetes,,Muvirales,,Qinviridae,,Yingvirus,,Sanxia yingvirus
5,,,Viruses,,Negarnaviricota,Haploviricotina,Chunqiuviricetes,,Muvirales,,Qinviridae,,Yingvirus,,Shahe yingvirus
6,,,Viruses,,Negarnaviricota,Haploviricotina,Chunqiuviricetes,,Muvirales,,Qinviridae,,Yingvirus,,Wenzhou yingvirus
7,,,Viruses,,Negarnaviricota,Haploviricotina,Chunqiuviricetes,,Muvirales,,Qinviridae,,Yingvirus,,Wuhan yingvirus
8,,,Viruses,,Negarnaviricota,Haploviricotina,Chunqiuviricetes,,Muvirales,,Qinviridae,,Yingvirus,,Xinzhou yingvirus
9,,,Viruses,,Negarnaviricota,Haploviricotina,Milneviricetes,,Serpentovirales,,Aspiviridae,,Ophiovirus,,Blueberry mosaic associated ophiovirus
10,,,Viruses,,Negarnaviricota,Haploviricotina,Milneviricetes,,Serpentovirales,,Aspiviridae,,Ophiovirus,,Citrus psorosis ophiovirus
11,,,Viruses,,Negarnaviricota,Haploviricotina,Milneviricetes,,Serpentovirales,,Aspiviridae,,Ophiovirus,,Freesia sneak ophiovirus
12,,,Viruses,,Negarnaviricota,Haploviricotina,Milneviricetes,,Serpentovirales,,Aspiviridae,,Ophiovirus,,Lettuce ring necrosis ophiovirus
13,,,Viruses,,Negarnaviricota,Haploviricotina,Milneviricetes,,Serpentovirales,,Aspiviridae,,Ophiovirus,,Mirafiori lettuce big-vein ophiovirus
14,,,Viruses,,Negarnaviricota,Haploviricotina,Milneviricetes,,Serpentovirales,,Aspiviridae,,Ophiovirus,,Ranunculus white mottle ophiovirus
15,,,Viruses,,Negarnaviricota,Haploviricotina,Milneviricetes,,Serpentovirales,,Aspiviridae,,Ophiovirus,,Tulip mild mottle mosaic ophiovirus
16,,,Viruses,,Negarnaviricota,Haploviricotina,Monjiviricetes,,Jingchuvirales,,Chuviridae,,Mivirus,,Argas mivirus
17,,,Viruses,,Negarnaviricota,Haploviricotina,Monjiviricetes,,Jingchuvirales,,Chuviridae,,Mivirus,,Barnacle mivirus
18,,,Viruses,,Negarnaviricota,Haploviricotina,Monjiviricetes,,Jingchuvirales,,Chuviridae,,Mivirus,,Beetle mivirus
19,,,Viruses,,Negarnaviricota,Haploviricotina,Monjiviricetes,,Jingchuvirales,,Chuviridae,,Mivirus,,Bole mivirus
20,,,Viruses,,Negarnaviricota,Haploviricotina,Monjiviricetes,,Jingchuvirales,,Chuviridae,,Mivirus,,Brunnich mivirus
21,,,Viruses,,Negarnaviricota,Haploviricotina,Monjiviricetes,,Jingchuvirales,,Chuviridae,,Mivirus,,Changping mivirus
22,,,Viruses,,Negarnaviricota,Haploviricotina,Monjiviricetes,,Jingchuvirales,,Chuviridae,,Mivirus,,Charybdis mivirus
23,,,Viruses,,Negarnaviricota,Haploviricotina,Monjiviricetes,,Jingchuvirales,,Chuviridae,,Mivirus,,Cockroach mivirus
24,,,Viruses,,Negarnaviricota,Haploviricotina,Monjiviricetes,,Jingchuvirales,,Chuviridae,,Mivirus,,Crab mivirus
25,,,Viruses,,Negarnaviricota,Haploviricotina,Monjiviricetes,,Jingchuvirales,,Chuviridae,,Mivirus,,Crustacean mivirus
26,,,Viruses,,Negarnaviricota,Haploviricotina,Monjiviricetes,,Jingchuvirales,,Chuviridae,,Mivirus,,Dermacentor mivirus
27,,,Viruses,,Negarnaviricota,Haploviricotina,Monjiviricetes,,Jingchuvirales,,Chuviridae,,Mivirus,,Hermit mivirus
28,,,Viruses,,Negarnaviricota,Haploviricotina,Monjiviricetes,,Jingchuvirales,,Chuviridae,,Mivirus,,Hippoboscid mivirus
29,,,Viruses,,Negarnaviricota,Haploviricotina,Monjiviricetes,,Jingchuvirales,,Chuviridae,,Mivirus,,Hubei mivirus
30,,,Viruses,,Negarnaviricota,Haploviricotina,Monjiviricetes,,Jingchuvirales,,Chuviridae,,Mivirus,,Hubei odonate mivirus
31,,,Viruses,,Negarnaviricota,Haploviricotina,Monjiviricetes,,Jingchuvirales,,Chuviridae,,Mivirus,,Imjin mivirus
32,,,Viruses,,Negarnaviricota,Haploviricotina,Monjiviricetes,,Jingchuvirales,,Chuviridae,,Mivirus,,Lacewing mivirus
33,,,Viruses,,Negarnaviricota,Haploviricotina,Monjiviricetes,,Jingchuvirales,,Chuviridae,,Mivirus,,Lishi mivirus
34,,,Viruses,,Negarnaviricota,Haploviricotina,Monjiviricetes,,Jingchuvirales,,Chuviridae,,Mivirus,,Lonestar mivirus
35,,,Viruses,,Negarnaviricota,Haploviricotina,Monjiviricetes,,Jingchuvirales,,Chuviridae,,Mivirus,,Louse fly mivirus
36,,,Viruses,,Negarnaviricota,Haploviricotina,Monjiviricetes,,Jingchuvirales,,Chuviridae,,Mivirus,,Mosquito mivirus
37,,,Viruses,,Negarnaviricota,Haploviricotina,Monjiviricetes,,Jingchuvirales,,Chuviridae,,Mivirus,,Myriapod mivirus
38,,,Viruses,,Negarnaviricota,Haploviricotina,Monjiviricetes,,Jingchuvirales,,Chuviridae,,Mivirus,,Odonate mivirus
39,,,Viruses,,Negarnaviricota,Haploviricotina,Monjiviricetes,,Jingchuvirales,,Chuviridae,,Mivirus,,Sanxia mivirus
40,,,Viruses,,Negarnaviricota,Haploviricotina,Monjiviricetes,,Jingchuvirales,,Chuviridae,,Mivirus,,Shayang mivirus
41,,,Viruses,,Negarnaviricota,Haploviricotina,Monjiviricetes,,Jingchuvirales,,Chuviridae,,Mivirus,,Suffolk mivirus
42,,,Viruses,,Negarnaviricota,Haploviricotina,Monjiviricetes,,Jingchuvirales,,Chuviridae,,Mivirus,,Wenling mivirus
43,,,Viruses,,Negarnaviricota,Haploviricotina,Monjiviricetes,,Jingchuvirales,,Chuviridae,,Mivirus,,Wuhan mivirus
44,,,Viruses,,Negarnaviricota,Haploviricotina,Monjiviricetes,,Jingchuvirales,,Chuviridae,,Mivirus,,Xinzhou mivirus
45,,,Viruses,,Negarnaviricota,Haploviricotina,Monjiviricetes,,Mononegavirales,,Artoviridae,,Peropuvirus,,Barnacle peropuvirus
46,,,Viruses,,Negarnaviricota,Haploviricotina,Monjiviricetes,,Mononegavirales,,Artoviridae,,Peropuvirus,,Beihai peropuvirus
47,,,Viruses,,Negarnaviricota,Haploviricotina,Monjiviricetes,,Mononegavirales,,Artoviridae,,Peropuvirus,,Hubei peropuvirus
48,,,Viruses,,Negarnaviricota,Haploviricotina,Monjiviricetes,,Mononegavirales,,Artoviridae,,Peropuvirus,,Odonate peropuvirus
49,,,Viruses,,Negarnaviricota,Haploviricotina,Monjiviricetes,,Mononegavirales,,Artoviridae,,Peropuvirus,,Pillworm peropuvirus
50,,,Viruses,,Negarnaviricota,Haploviricotina,Monjiviricetes,,Mononegavirales,,Artoviridae,,Peropuvirus,,Pteromalus puparum peropuvirus
51,,,Viruses,,Negarnaviricota,Haploviricotina,Monjiviricetes,,Mononegavirales,,Artoviridae,,Peropuvirus,,Woodlouse peropuvirus
52,,,Viruses,,Negarnaviricota,Haploviricotina,Monjiviricetes,,Mononegavirales,,Bornaviridae,,Carbovirus,,Queensland carbovirus
53,,,Viruses,,Negarnaviricota,Haploviricotina,Monjiviricetes,,Mononegavirales,,Bornaviridae,,Carbovirus,,Southwest carbovirus
54,,,Viruses,,Negarnaviricota,Haploviricotina,Monjiviricetes,,Mononegavirales,,Bornaviridae,,Orthobornavirus,,Elapid 1 orthobornavirus
55,,,Viruses,,Negarnaviricota,Haploviricotina,Monjiviricetes,,Mononegavirales,,Bornaviridae,,Orthobornavirus,,Mammalian 1 orthobornavirus
56,,,Viruses,,Negarnaviricota,Haploviricotina,Monjiviricetes,,Mononegavirales,,Bornaviridae,,Orthobornavirus,,Mammalian 2 orthobornavirus
57,,,Viruses,,Negarnaviricota,Haploviricotina,Monjiviricetes,,Mononegavirales,,Bornaviridae,,Orthobornavirus,,Passeriform 1 orthobornavirus
58,,,Viruses,,Negarnaviricota,Haploviricotina,Monjiviricetes,,Mononegavirales,,Bornaviridae,,Orthobornavirus,,Passeriform 2 orthobornavirus
59,,,Viruses,,Negarnaviricota,Haploviricotina,Monjiviricetes,,Mononegavirales,,Bornaviridae,,Orthobornavirus,,Psittaciform 1 orthobornavirus
60,,,Viruses,,Negarnaviricota,Haploviricotina,Monjiviricetes,,Mononegavirales,,Bornaviridae,,Orthobornavirus,,Psittaciform 2 orthobornavirus
61,,,Viruses,,Negarnaviricota,Haploviricotina,Monjiviricetes,,Mononegavirales,,Bornaviridae,,Orthobornavirus,,Waterbird 1 orthobornavirus
62,,,Viruses,,Negarnaviricota,Haploviricotina,Monjiviricetes,,Mononegavirales,,Filoviridae,,Cuevavirus,,Lloviu cuevavirus
63,,,Viruses,,Negarnaviricota,Haploviricotina,Monjiviricetes,,Mononegavirales,,Filoviridae,,Ebolavirus,,Bundibugyo ebolavirus
64,,,Viruses,,Negarnaviricota,Haploviricotina,Monjiviricetes,,Mononegavirales,,Filoviridae,,Ebolavirus,,Reston ebolavirus
65,,,Viruses,,Negarnaviricota,Haploviricotina,Monjiviricetes,,Mononegavirales,,Filoviridae,,Ebolavirus,,Sudan ebolavirus
66,,,Viruses,,Negarnaviricota,Haploviricotina,Monjiviricetes,,Mononegavirales,,Filoviridae,,Ebolavirus,,Tai Forest ebolavirus
67,,,Viruses,,Negarnaviricota,Haploviricotina,Monjiviricetes,,Mononegavirales,,Filoviridae,,Ebolavirus,,Zaire ebolavirus
68,,,Viruses,,Negarnaviricota,Haploviricotina,Monjiviricetes,,Mononegavirales,,Filoviridae,,Marburgvirus,,Marburg marburgvirus
69,,,Viruses,,Negarnaviricota,Haploviricotina,Monjiviricetes,,Mononegavirales,,Lispiviridae,,Arlivirus,,Gerrid arlivirus
70,,,Viruses,,Negarnaviricota,Haploviricotina,Monjiviricetes,,Mononegavirales,,Lispiviridae,,Arlivirus,,Hubei arlivirus
71,,,Viruses,,Negarnaviricota,Haploviricotina,Monjiviricetes,,Mononegavirales,,Lispiviridae,,Arlivirus,,Lishi arlivirus
72,,,Viruses,,Negarnaviricota,Haploviricotina,Monjiviricetes,,Mononegavirales,,Lispiviridae,,Arlivirus,,Odonate arlivirus
73,,,Viruses,,Negarnaviricota,Haploviricotina,Monjiviricetes,,Mononegavirales,,Lispiviridae,,Arlivirus,,Tacheng arlivirus
74,,,Viruses,,Negarnaviricota,Haploviricotina,Monjiviricetes,,Mononegavirales,,Lispiviridae,,Arlivirus,,Wuchang arlivirus
75,,,Viruses,,Negarnaviricota,Haploviricotina,Monjiviricetes,,Mononegavirales,,Mymonaviridae,,Sclerotimonavirus,,Dadou sclerotimonavirus
76,,,Viruses,,Negarnaviricota,Haploviricotina,Monjiviricetes,,Mononegavirales,,Mymonaviridae,,Sclerotimonavirus,,Drop sclerotimonavirus
77,,,Viruses,,Negarnaviricota,Haploviricotina,Monjiviricetes,,Mononegavirales,,Mymonaviridae,,Sclerotimonavirus,,Glycine sclerotimonavirus
78,,,Viruses,,Negarnaviricota,Haploviricotina,Monjiviricetes,,Mononegavirales,,Mymonaviridae,,Sclerotimonavirus,,Hubei sclerotimonavirus
79,,,Viruses,,Negarnaviricota,Haploviricotina,Monjiviricetes,,Mononegavirales,,Mymonaviridae,,Sclerotimonavirus,,Illinois sclerotimonavirus
80,,,Viruses,,Negarnaviricota,Haploviricotina,Monjiviricetes,,Mononegavirales,,Mymonaviridae,,Sclerotimonavirus,,Phyllosphere sclerotimonavirus
81,,,Viruses,,Negarnaviricota,Haploviricotina,Monjiviricetes,,Mononegavirales,,Mymonaviridae,,Sclerotimonavirus,,Sclerotinia sclerotimonavirus
82,,,Viruses,,Negarnaviricota,Haploviricotina,Monjiviricetes,,Mononegavirales,,Nyamiviridae,,Berhavirus,,Beihai berhavirus
83,,,Viruses,,Negarnaviricota,Haploviricotina,Monjiviricetes,,Mononegavirales,,Nyamiviridae,,Berhavirus,,Echinoderm berhavirus
84,,,Viruses,,Negarnaviricota,Haploviricotina,Monjiviricetes,,Mononegavirales,,Nyamiviridae,,Berhavirus,,Sipunculid berhavirus
85,,,Viruses,,Negarnaviricota,Haploviricotina,Monjiviricetes,,Mononegavirales,,Nyamiviridae,,Crustavirus,,Beihai crustavirus
86,,,Viruses,,Negarnaviricota,Haploviricotina,Monjiviricetes,,Mononegavirales,,Nyamiviridae,,Crustavirus,,Wenling crustavirus
87,,,Viruses,,Negarnaviricota,Haploviricotina,Monjiviricetes,,Mononegavirales,,Nyamiviridae,,Crustavirus,,Wenzhou crustavirus
88,,,Viruses,,Negarnaviricota,Haploviricotina,Monjiviricetes,,Mononegavirales,,Nyamiviridae,,Nyavirus,,Midway nyavirus
89,,,Viruses,,Negarnaviricota,Haploviricotina,Monjiviricetes,,Mononegavirales,,Nyamiviridae,,Nyavirus,,Nyamanini nyavirus
90,,,Viruses,,Negarnaviricota,Haploviricotina,Monjiviricetes,,Mononegavirales,,Nyamiviridae,,Nyavirus,,Sierra Nevada nyavirus
91,,,Viruses,,Negarnaviricota,Haploviricotina,Monjiviricetes,,Mononegavirales,,Nyamiviridae,,Orinovirus,,Orinoco orinovirus
92,,,Viruses,,Negarnaviricota,Haploviricotina,Monjiviricetes,,Mononegavirales,,Nyamiviridae,,Socyvirus,,Soybean cyst nematode socyvirus
93,,,Viruses,,Negarnaviricota,Haploviricotina,Monjiviricetes,,Mononegavirales,,Nyamiviridae,,Tapwovirus,,Tapeworm tapwovirus
94,,,Viruses,,Negarnaviricota,Haploviricotina,Monjiviricetes,,Mononegavirales,,Paramyxoviridae,,Aquaparamyxovirus,,Salmon aquaparamyxovirus
95,,,Viruses,,Negarnaviricota,Haploviricotina,Monjiviricetes,,Mononegavirales,,Paramyxoviridae,,Avulavirus,,Avian avulavirus 1
96,,,Viruses,,Negarnaviricota,Haploviricotina,Monjiviricetes,,Mononegavirales,,Paramyxoviridae,,Avulavirus,,Avian avulavirus 2
97,,,Viruses,,Negarnaviricota,Haploviricotina,Monjiviricetes,,Mononegavirales,,Paramyxoviridae,,Avulavirus,,Avian avulavirus 3
98,,,Viruses,,Negarnaviricota,Haploviricotina,Monjiviricetes,,Mononegavirales,,Paramyxoviridae,,Avulavirus,,Avian avulavirus 4
99,,,Viruses,,Negarnaviricota,Haploviricotina,Monjiviricetes,,Mononegavirales,,Paramyxoviridae,,Avulavirus,,Avian avulavirus 5
100,,,Viruses,,Negarnaviricota,Haploviricotina,Monjiviricetes,,Mononegavirales,,Paramyxoviridae,,Avulavirus,,Avian avulavirus 6
101,,,Viruses,,Negarnaviricota,Haploviricotina,Monjiviricetes,,Mononegavirales,,Paramyxoviridae,,Avulavirus,,Avian avulavirus 7
102,,,Viruses,,Negarnaviricota,Haploviricotina,Monjiviricetes,,Mononegavirales,,Paramyxoviridae,,Avulavirus,,Avian avulavirus 8
103,,,Viruses,,Negarnaviricota,Haploviricotina,Monjiviricetes,,Mononegavirales,,Paramyxoviridae,,Avulavirus,,Avian avulavirus 9
104,,,Viruses,,Negarnaviricota,Haploviricotina,Monjiviricetes,,Mononegavirales,,Paramyxoviridae,,Avulavirus,,Avian avulavirus 10
105,,,Viruses,,Negarnaviricota,Haploviricotina,Monjiviricetes,,Mononegavirales,,Paramyxoviridae,,Avulavirus,,Avian avulavirus 11
106,,,Viruses,,Negarnaviricota,Haploviricotina,Monjiviricetes,,Mononegavirales,,Paramyxoviridae,,Avulavirus,,Avian avulavirus 12
107,,,Viruses,,Negarnaviricota,Haploviricotina,Monjiviricetes,,Mononegavirales,,Paramyxoviridae,,Avulavirus,,Avian avulavirus 13
108,,,Viruses,,Negarnaviricota,Haploviricotina,Monjiviricetes,,Mononegavirales,,Paramyxoviridae,,Avulavirus,,Avian avulavirus 14
109,,,Viruses,,Negarnaviricota,Haploviricotina,Monjiviricetes,,Mononegavirales,,Paramyxoviridae,,Avulavirus,,Avian avulavirus 15
110,,,Viruses,,Negarnaviricota,Haploviricotina,Monjiviricetes,,Mononegavirales,,Paramyxoviridae,,Avulavirus,,Avian avulavirus 16
111,,,Viruses,,Negarnaviricota,Haploviricotina,Monjiviricetes,,Mononegavirales,,Paramyxoviridae,,Avulavirus,,Avian avulavirus 17
112,,,Viruses,,Negarnaviricota,Haploviricotina,Monjiviricetes,,Mononegavirales,,Paramyxoviridae,,Avulavirus,,Avian avulavirus 18
113,,,Viruses,,Negarnaviricota,Haploviricotina,Monjiviricetes,,Mononegavirales,,Paramyxoviridae,,Avulavirus,,Avian avulavirus 19
114,,,Viruses,,Negarnaviricota,Haploviricotina,Monjiviricetes,,Mononegavirales,,Paramyxoviridae,,Ferlavirus,,Reptilian ferlavirus
115,,,Viruses,,Negarnaviricota,Haploviricotina,Monjiviricetes,,Mononegavirales,,Paramyxoviridae,,Henipavirus,,Cedar henipavirus
116,,,Viruses,,Negarnaviricota,Haploviricotina,Monjiviricetes,,Mononegavirales,,Paramyxoviridae,,Henipavirus,,Ghanaian bat henipavirus
117,,,Viruses,,Negarnaviricota,Haploviricotina,Monjiviricetes,,Mononegavirales,,Paramyxoviridae,,Henipavirus,,Hendra henipavirus
118,,,Viruses,,Negarnaviricota,Haploviricotina,Monjiviricetes,,Mononegavirales,,Paramyxoviridae,,Henipavirus,,Mojiang henipavirus
119,,,Viruses,,Negarnaviricota,Haploviricotina,Monjiviricetes,,Mononegavirales,,Paramyxoviridae,,Henipavirus,,Nipah henipavirus
120,,,Viruses,,Negarnaviricota,Haploviricotina,Monjiviricetes,,Mononegavirales,,Paramyxoviridae,,Morbillivirus,,Canine morbillivirus
121,,,Viruses,,Negarnaviricota,Haploviricotina,Monjiviricetes,,Mononegavirales,,Paramyxoviridae,,Morbillivirus,,Cetacean morbillivirus
122,,,Viruses,,Negarnaviricota,Haploviricotina,Monjiviricetes,,Mononegavirales,,Paramyxoviridae,,Morbillivirus,,Feline morbillivirus
123,,,Viruses,,Negarnaviricota,Haploviricotina,Monjiviricetes,,Mononegavirales,,Paramyxoviridae,,Morbillivirus,,Measles morbillivirus
124,,,Viruses,,Negarnaviricota,Haploviricotina,Monjiviricetes,,Mononegavirales,,Paramyxoviridae,,Morbillivirus,,Phocine morbillivirus
125,,,Viruses,,Negarnaviricota,Haploviricotina,Monjiviricetes,,Mononegavirales,,Paramyxoviridae,,Morbillivirus,,Rinderpest morbillivirus
126,,,Viruses,,Negarnaviricota,Haploviricotina,Monjiviricetes,,Mononegavirales,,Paramyxoviridae,,Morbillivirus,,Small ruminant morbillivirus
127,,,Viruses,,Negarnaviricota,Haploviricotina,Monjiviricetes,,Mononegavirales,,Paramyxoviridae,,Respirovirus,,Bovine respirovirus 3
128,,,Viruses,,Negarnaviricota,Haploviricotina,Monjiviricetes,,Mononegavirales,,Paramyxoviridae,,Respirovirus,,Human respirovirus 1
129,,,Viruses,,Negarnaviricota,Haploviricotina,Monjiviricetes,,Mononegavirales,,Paramyxoviridae,,Respirovirus,,Human respirovirus 3
130,,,Viruses,,Negarnaviricota,Haploviricotina,Monjiviricetes,,Mononegavirales,,Paramyxoviridae,,Respirovirus,,Murine respirovirus
131,,,Viruses,,Negarnaviricota,Haploviricotina,Monjiviricetes,,Mononegavirales,,Paramyxoviridae,,Respirovirus,,Porcine respirovirus 1
132,,,Viruses,,Negarnaviricota,Haploviricotina,Monjiviricetes,,Mononegavirales,,Paramyxoviridae,,Rubulavirus,,Achimota rubulavirus 1
133,,,Viruses,,Negarnaviricota,Haploviricotina,Monjiviricetes,,Mononegavirales,,Paramyxoviridae,,Rubulavirus,,Achimota rubulavirus 2
134,,,Viruses,,Negarnaviricota,Haploviricotina,Monjiviricetes,,Mononegavirales,,Paramyxoviridae,,Rubulavirus,,Bat mumps rubulavirus
135,,,Viruses,,Negarnaviricota,Haploviricotina,Monjiviricetes,,Mononegavirales,,Paramyxoviridae,,Rubulavirus,,Human rubulavirus 2
136,,,Viruses,,Negarnaviricota,Haploviricotina,Monjiviricetes,,Mononegavirales,,Paramyxoviridae,,Rubulavirus,,Human rubulavirus 4
137,,,Viruses,,Negarnaviricota,Haploviricotina,Monjiviricetes,,Mononegavirales,,Paramyxoviridae,,Rubulavirus,,Mammalian rubulavirus 5
138,,,Viruses,,Negarnaviricota,Haploviricotina,Monjiviricetes,,Mononegavirales,,Paramyxoviridae,,Rubulavirus,,Mapuera rubulavirus
139,,,Viruses,,Negarnaviricota,Haploviricotina,Monjiviricetes,,Mononegavirales,,Paramyxoviridae,,Rubulavirus,,Menangle rubulavirus
140,,,Viruses,,Negarnaviricota,Haploviricotina,Monjiviricetes,,Mononegavirales,,Paramyxoviridae,,Rubulavirus,,Mumps rubulavirus
141,,,Viruses,,Negarnaviricota,Haploviricotina,Monjiviricetes,,Mononegavirales,,Paramyxoviridae,,Rubulavirus,,Porcine rubulavirus
142,,,Viruses,,Negarnaviricota,Haploviricotina,Monjiviricetes,,Mononegavirales,,Paramyxoviridae,,Rubulavirus,,Simian rubulavirus
143,,,Viruses,,Negarnaviricota,Haploviricotina,Monjiviricetes,,Mononegavirales,,Paramyxoviridae,,Rubulavirus,,Sosuga rubulavirus
144,,,Viruses,,Negarnaviricota,Haploviricotina,Monjiviricetes,,Mononegavirales,,Paramyxoviridae,,Rubulavirus,,Teviot rubulavirus
145,,,Viruses,,Negarnaviricota,Haploviricotina,Monjiviricetes,,Mononegavirales,,Paramyxoviridae,,Rubulavirus,,Tioman rubulavirus
146,,,Viruses,,Negarnaviricota,Haploviricotina,Monjiviricetes,,Mononegavirales,,Paramyxoviridae,,Rubulavirus,,Tuhoko rubulavirus 1
147,,,Viruses,,Negarnaviricota,Haploviricotina,Monjiviricetes,,Mononegavirales,,Paramyxoviridae,,Rubulavirus,,Tuhoko rubulavirus 2
148,,,Viruses,,Negarnaviricota,Haploviricotina,Monjiviricetes,,Mononegavirales,,Paramyxoviridae,,Rubulavirus,,Tuhoko rubulavirus 3
149,,,Viruses,,Negarnaviricota,Haploviricotina,Monjiviricetes,,Mononegavirales,,Pneumoviridae,,Metapneumovirus,,Avian metapneumovirus
150,,,Viruses,,Negarnaviricota,Haploviricotina,Monjiviricetes,,Mononegavirales,,Pneumoviridae,,Metapneumovirus,,Human metapneumovirus
151,,,Viruses,,Negarnaviricota,Haploviricotina,Monjiviricetes,,Mononegavirales,,Pneumoviridae,,Orthopneumovirus,,Bovine orthopneumovirus
152,,,Viruses,,Negarnaviricota,Haploviricotina,Monjiviricetes,,Mononegavirales,,Pneumoviridae,,Orthopneumovirus,,Human orthopneumovirus
153,,,Viruses,,Negarnaviricota,Haploviricotina,Monjiviricetes,,Mononegavirales,,Pneumoviridae,,Orthopneumovirus,,Murine orthopneumovirus
154,,,Viruses,,Negarnaviricota,Haploviricotina,Monjiviricetes,,Mononegavirales,,Rhabdoviridae,,Almendravirus,,Arboretum almendravirus
155,,,Viruses,,Negarnaviricota,Haploviricotina,Monjiviricetes,,Mononegavirales,,Rhabdoviridae,,Almendravirus,,Balsa almendravirus
156,,,Viruses,,Negarnaviricota,Haploviricotina,Monjiviricetes,,Mononegavirales,,Rhabdoviridae,,Almendravirus,,Coot Bay almendravirus
157,,,Viruses,,Negarnaviricota,Haploviricotina,Monjiviricetes,,Mononegavirales,,Rhabdoviridae,,Almendravirus,,Puerto Almendras almendravirus
158,,,Viruses,,Negarnaviricota,Haploviricotina,Monjiviricetes,,Mononegavirales,,Rhabdoviridae,,Almendravirus,,Rio Chico almendravirus
159,,,Viruses,,Negarnaviricota,Haploviricotina,Monjiviricetes,,Mononegavirales,,Rhabdoviridae,,Curiovirus,,Curionopolis curiovirus
160,,,Viruses,,Negarnaviricota,Haploviricotina,Monjiviricetes,,Mononegavirales,,Rhabdoviridae,,Curiovirus,,Iriri curiovirus
161,,,Viruses,,Negarnaviricota,Haploviricotina,Monjiviricetes,,Mononegavirales,,Rhabdoviridae,,Curiovirus,,Itacaiunas curiovirus
162,,,Viruses,,Negarnaviricota,Haploviricotina,Monjiviricetes,,Mononegavirales,,Rhabdoviridae,,Curiovirus,,Rochambeau curiovirus
163,,,Viruses,,Negarnaviricota,Haploviricotina,Monjiviricetes,,Mononegavirales,,Rhabdoviridae,,Cytorhabdovirus,,Alfalfa dwarf cytorhabdovirus
164,,,Viruses,,Negarnaviricota,Haploviricotina,Monjiviricetes,,Mononegavirales,,Rhabdoviridae,,Cytorhabdovirus,,Barley yellow striate mosaic cytorhabdovirus
165,,,Viruses,,Negarnaviricota,Haploviricotina,Monjiviricetes,,Mononegavirales,,Rhabdoviridae,,Cytorhabdovirus,,Broccoli necrotic yellows cytorhabdovirus
166,,,Viruses,,Negarnaviricota,Haploviricotina,Monjiviricetes,,Mononegavirales,,Rhabdoviridae,,Cytorhabdovirus,,Colocasia bobone disease-associated cytorhabdovirus
167,,,Viruses,,Negarnaviricota,Haploviricotina,Monjiviricetes,,Mononegavirales,,Rhabdoviridae,,Cytorhabdovirus,,Festuca leaf streak cytorhabdovirus
168,,,Viruses,,Negarnaviricota,Haploviricotina,Monjiviricetes,,Mononegavirales,,Rhabdoviridae,,Cytorhabdovirus,,Lettuce necrotic yellows cytorhabdovirus
169,,,Viruses,,Negarnaviricota,Haploviricotina,Monjiviricetes,,Mononegavirales,,Rhabdoviridae,,Cytorhabdovirus,,Lettuce yellow mottle cytorhabdovirus
170,,,Viruses,,Negarnaviricota,Haploviricotina,Monjiviricetes,,Mononegavirales,,Rhabdoviridae,,Cytorhabdovirus,,Northern cereal mosaic cytorhabdovirus
171,,,Viruses,,Negarnaviricota,Haploviricotina,Monjiviricetes,,Mononegavirales,,Rhabdoviridae,,Cytorhabdovirus,,Sonchus cytorhabdovirus 1
172,,,Viruses,,Negarnaviricota,Haploviricotina,Monjiviricetes,,Mononegavirales,,Rhabdoviridae,,Cytorhabdovirus,,Strawberry crinkle cytorhabdovirus
173,,,Viruses,,Negarnaviricota,Haploviricotina,Monjiviricetes,,Mononegavirales,,Rhabdoviridae,,Cytorhabdovirus,,Wheat American striate mosaic cytorhabdovirus
174,,,Viruses,,Negarnaviricota,Haploviricotina,Monjiviricetes,,Mononegavirales,,Rhabdoviridae,,Dichorhavirus,,Coffee ringspot dichorhavirus
175,,,Viruses,,Negarnaviricota,Haploviricotina,Monjiviricetes,,Mononegavirales,,Rhabdoviridae,,Dichorhavirus,,Orchid fleck dichorhavirus
176,,,Viruses,,Negarnaviricota,Haploviricotina,Monjiviricetes,,Mononegavirales,,Rhabdoviridae,,Ephemerovirus,,Adelaide River ephemerovirus
177,,,Viruses,,Negarnaviricota,Haploviricotina,Monjiviricetes,,Mononegavirales,,Rhabdoviridae,,Ephemerovirus,,Berrimah ephemerovirus
178,,,Viruses,,Negarnaviricota,Haploviricotina,Monjiviricetes,,Mononegavirales,,Rhabdoviridae,,Ephemerovirus,,Bovine fever ephemerovirus
179,,,Viruses,,Negarnaviricota,Haploviricotina,Monjiviricetes,,Mononegavirales,,Rhabdoviridae,,Ephemerovirus,,Kimberley ephemerovirus
180,,,Viruses,,Negarnaviricota,Haploviricotina,Monjiviricetes,,Mononegavirales,,Rhabdoviridae,,Ephemerovirus,,Koolpinyah ephemerovirus
181,,,Viruses,,Negarnaviricota,Haploviricotina,Monjiviricetes,,Mononegavirales,,Rhabdoviridae,,Ephemerovirus,,Kotonkan ephemerovirus
182,,,Viruses,,Negarnaviricota,Haploviricotina,Monjiviricetes,,Mononegavirales,,Rhabdoviridae,,Ephemerovirus,,Obodhiang ephemerovirus
183,,,Viruses,,Negarnaviricota,Haploviricotina,Monjiviricetes,,Mononegavirales,,Rhabdoviridae,,Ephemerovirus,,Yata ephemerovirus
184,,,Viruses,,Negarnaviricota,Haploviricotina,Monjiviricetes,,Mononegavirales,,Rhabdoviridae,,Hapavirus,,Flanders hapavirus
185,,,Viruses,,Negarnaviricota,Haploviricotina,Monjiviricetes,,Mononegavirales,,Rhabdoviridae,,Hapavirus,,Gray Lodge hapavirus
186,,,Viruses,,Negarnaviricota,Haploviricotina,Monjiviricetes,,Mononegavirales,,Rhabdoviridae,,Hapavirus,,Hart Park hapavirus
187,,,Viruses,,Negarnaviricota,Haploviricotina,Monjiviricetes,,Mononegavirales,,Rhabdoviridae,,Hapavirus,,Joinjakaka hapavirus
188,,,Viruses,,Negarnaviricota,Haploviricotina,Monjiviricetes,,Mononegavirales,,Rhabdoviridae,,Hapavirus,,Kamese hapavirus
189,,,Viruses,,Negarnaviricota,Haploviricotina,Monjiviricetes,,Mononegavirales,,Rhabdoviridae,,Hapavirus,,La Joya hapavirus
190,,,Viruses,,Negarnaviricota,Haploviricotina,Monjiviricetes,,Mononegavirales,,Rhabdoviridae,,Hapavirus,,Landjia hapavirus
191,,,Viruses,,Negarnaviricota,Haploviricotina,Monjiviricetes,,Mononegavirales,,Rhabdoviridae,,Hapavirus,,Manitoba hapavirus
192,,,Viruses,,Negarnaviricota,Haploviricotina,Monjiviricetes,,Mononegavirales,,Rhabdoviridae,,Hapavirus,,Marco hapavirus
193,,,Viruses,,Negarnaviricota,Haploviricotina,Monjiviricetes,,Mononegavirales,,Rhabdoviridae,,Hapavirus,,Mosqueiro hapavirus
194,,,Viruses,,Negarnaviricota,Haploviricotina,Monjiviricetes,,Mononegavirales,,Rhabdoviridae,,Hapavirus,,Mossuril hapavirus
195,,,Viruses,,Negarnaviricota,Haploviricotina,Monjiviricetes,,Mononegavirales,,Rhabdoviridae,,Hapavirus,,Ngaingan hapavirus
196,,,Viruses,,Negarnaviricota,Haploviricotina,Monjiviricetes,,Mononegavirales,,Rhabdoviridae,,Hapavirus,,Ord River hapavirus
197,,,Viruses,,Negarnaviricota,Haploviricotina,Monjiviricetes,,Mononegavirales,,Rhabdoviridae,,Hapavirus,,Parry Creek hapavirus
198,,,Viruses,,Negarnaviricota,Haploviricotina,Monjiviricetes,,Mononegavirales,,Rhabdoviridae,,Hapavirus,,Wongabel hapavirus
199,,,Viruses,,Negarnaviricota,Haploviricotina,Monjiviricetes,,Mononegavirales,,Rhabdoviridae,,Ledantevirus,,Barur ledantevirus
200,,,Viruses,,Negarnaviricota,Haploviricotina,Monjiviricetes,,Mononegavirales,,Rhabdoviridae,,Ledantevirus,,Fikirini ledantevirus
201,,,Viruses,,Negarnaviricota,Haploviricotina,Monjiviricetes,,Mononegavirales,,Rhabdoviridae,,Ledantevirus,,Fukuoka ledantevirus
202,,,Viruses,,Negarnaviricota,Haploviricotina,Monjiviricetes,,Mononegavirales,,Rhabdoviridae,,Ledantevirus,,Kanyawara ledantevirus
203,,,Viruses,,Negarnaviricota,Haploviricotina,Monjiviricetes,,Mononegavirales,,Rhabdoviridae,,Ledantevirus,,Kern Canyon ledantevirus
204,,,Viruses,,Negarnaviricota,Haploviricotina,Monjiviricetes,,Mononegavirales,,Rhabdoviridae,,Ledantevirus,,Keuraliba ledantevirus
205,,,Viruses,,Negarnaviricota,Haploviricotina,Monjiviricetes,,Mononegavirales,,Rhabdoviridae,,Ledantevirus,,Kolente ledantevirus
206,,,Viruses,,Negarnaviricota,Haploviricotina,Monjiviricetes,,Mononegavirales,,Rhabdoviridae,,Ledantevirus,,Kumasi ledantevirus
207,,,Viruses,,Negarnaviricota,Haploviricotina,Monjiviricetes,,Mononegavirales,,Rhabdoviridae,,Ledantevirus,,Le Dantec ledantevirus
208,,,Viruses,,Negarnaviricota,Haploviricotina,Monjiviricetes,,Mononegavirales,,Rhabdoviridae,,Ledantevirus,,Mount Elgon bat ledantevirus
209,,,Viruses,,Negarnaviricota,Haploviricotina,Monjiviricetes,,Mononegavirales,,Rhabdoviridae,,Ledantevirus,,Nishimuro ledantevirus
210,,,Viruses,,Negarnaviricota,Haploviricotina,Monjiviricetes,,Mononegavirales,,Rhabdoviridae,,Ledantevirus,,Nkolbisson ledantevirus
211,,,Viruses,,Negarnaviricota,Haploviricotina,Monjiviricetes,,Mononegavirales,,Rhabdoviridae,,Ledantevirus,,Oita ledantevirus
212,,,Viruses,,Negarnaviricota,Haploviricotina,Monjiviricetes,,Mononegavirales,,Rhabdoviridae,,Ledantevirus,,Wuhan ledantevirus
213,,,Viruses,,Negarnaviricota,Haploviricotina,Monjiviricetes,,Mononegavirales,,Rhabdoviridae,,Ledantevirus,,Yongjia ledantevirus
214,,,Viruses,,Negarnaviricota,Haploviricotina,Monjiviricetes,,Mononegavirales,,Rhabdoviridae,,Lyssavirus,,Aravan lyssavirus
215,,,Viruses,,Negarnaviricota,Haploviricotina,Monjiviricetes,,Mononegavirales,,Rhabdoviridae,,Lyssavirus,,Australian bat lyssavirus
216,,,Viruses,,Negarnaviricota,Haploviricotina,Monjiviricetes,,Mononegavirales,,Rhabdoviridae,,Lyssavirus,,Bokeloh bat lyssavirus
217,,,Viruses,,Negarnaviricota,Haploviricotina,Monjiviricetes,,Mononegavirales,,Rhabdoviridae,,Lyssavirus,,Duvenhage lyssavirus
218,,,Viruses,,Negarnaviricota,Haploviricotina,Monjiviricetes,,Mononegavirales,,Rhabdoviridae,,Lyssavirus,,European bat 1 lyssavirus
219,,,Viruses,,Negarnaviricota,Haploviricotina,Monjiviricetes,,Mononegavirales,,Rhabdoviridae,,Lyssavirus,,European bat 2 lyssavirus
220,,,Viruses,,Negarnaviricota,Haploviricotina,Monjiviricetes,,Mononegavirales,,Rhabdoviridae,,Lyssavirus,,Gannoruwa bat lyssavirus
221,,,Viruses,,Negarnaviricota,Haploviricotina,Monjiviricetes,,Mononegavirales,,Rhabdoviridae,,Lyssavirus,,Ikoma lyssavirus
222,,,Viruses,,Negarnaviricota,Haploviricotina,Monjiviricetes,,Mononegavirales,,Rhabdoviridae,,Lyssavirus,,Irkut lyssavirus
223,,,Viruses,,Negarnaviricota,Haploviricotina,Monjiviricetes,,Mononegavirales,,Rhabdoviridae,,Lyssavirus,,Khujand lyssavirus
224,,,Viruses,,Negarnaviricota,Haploviricotina,Monjiviricetes,,Mononegavirales,,Rhabdoviridae,,Lyssavirus,,Lagos bat lyssavirus
225,,,Viruses,,Negarnaviricota,Haploviricotina,Monjiviricetes,,Mononegavirales,,Rhabdoviridae,,Lyssavirus,,Lleida bat lyssavirus
226,,,Viruses,,Negarnaviricota,Haploviricotina,Monjiviricetes,,Mononegavirales,,Rhabdoviridae,,Lyssavirus,,Mokola lyssavirus
227,,,Viruses,,Negarnaviricota,Haploviricotina,Monjiviricetes,,Mononegavirales,,Rhabdoviridae,,Lyssavirus,,Rabies lyssavirus
228,,,Viruses,,Negarnaviricota,Haploviricotina,Monjiviricetes,,Mononegavirales,,Rhabdoviridae,,Lyssavirus,,Shimoni bat lyssavirus
229,,,Viruses,,Negarnaviricota,Haploviricotina,Monjiviricetes,,Mononegavirales,,Rhabdoviridae,,Lyssavirus,,West Caucasian bat lyssavirus
230,,,Viruses,,Negarnaviricota,Haploviricotina,Monjiviricetes,,Mononegavirales,,Rhabdoviridae,,Novirhabdovirus,,Hirame novirhabdovirus
231,,,Viruses,,Negarnaviricota,Haploviricotina,Monjiviricetes,,Mononegavirales,,Rhabdoviridae,,Novirhabdovirus,,Piscine novirhabdovirus
232,,,Viruses,,Negarnaviricota,Haploviricotina,Monjiviricetes,,Mononegavirales,,Rhabdoviridae,,Novirhabdovirus,,Salmonid novirhabdovirus
233,,,Viruses,,Negarnaviricota,Haploviricotina,Monjiviricetes,,Mononegavirales,,Rhabdoviridae,,Novirhabdovirus,,Snakehead novirhabdovirus
234,,,Viruses,,Negarnaviricota,Haploviricotina,Monjiviricetes,,Mononegavirales,,Rhabdoviridae,,Nucleorhabdovirus,,Datura yellow vein nucleorhabdovirus
235,,,Viruses,,Negarnaviricota,Haploviricotina,Monjiviricetes,,Mononegavirales,,Rhabdoviridae,,Nucleorhabdovirus,,Eggplant mottled dwarf nucleorhabdovirus
236,,,Viruses,,Negarnaviricota,Haploviricotina,Monjiviricetes,,Mononegavirales,,Rhabdoviridae,,Nucleorhabdovirus,,Maize fine streak nucleorhabdovirus
237,,,Viruses,,Negarnaviricota,Haploviricotina,Monjiviricetes,,Mononegavirales,,Rhabdoviridae,,Nucleorhabdovirus,,Maize Iranian mosaic nucleorhabdovirus
238,,,Viruses,,Negarnaviricota,Haploviricotina,Monjiviricetes,,Mononegavirales,,Rhabdoviridae,,Nucleorhabdovirus,,Maize mosaic nucleorhabdovirus
239,,,Viruses,,Negarnaviricota,Haploviricotina,Monjiviricetes,,Mononegavirales,,Rhabdoviridae,,Nucleorhabdovirus,,Potato yellow dwarf nucleorhabdovirus
240,,,Viruses,,Negarnaviricota,Haploviricotina,Monjiviricetes,,Mononegavirales,,Rhabdoviridae,,Nucleorhabdovirus,,Rice yellow stunt nucleorhabdovirus
241,,,Viruses,,Negarnaviricota,Haploviricotina,Monjiviricetes,,Mononegavirales,,Rhabdoviridae,,Nucleorhabdovirus,,Sonchus yellow net nucleorhabdovirus
242,,,Viruses,,Negarnaviricota,Haploviricotina,Monjiviricetes,,Mononegavirales,,Rhabdoviridae,,Nucleorhabdovirus,,Sowthistle yellow vein nucleorhabdovirus
243,,,Viruses,,Negarnaviricota,Haploviricotina,Monjiviricetes,,Mononegavirales,,Rhabdoviridae,,Nucleorhabdovirus,,Taro vein chlorosis nucleorhabdovirus
244,,,Viruses,,Negarnaviricota,Haploviricotina,Monjiviricetes,,Mononegavirales,,Rhabdoviridae,,Perhabdovirus,,Anguillid perhabdovirus
245,,,Viruses,,Negarnaviricota,Haploviricotina,Monjiviricetes,,Mononegavirales,,Rhabdoviridae,,Perhabdovirus,,Perch perhabdovirus
246,,,Viruses,,Negarnaviricota,Haploviricotina,Monjiviricetes,,Mononegavirales,,Rhabdoviridae,,Perhabdovirus,,Sea trout perhabdovirus
247,,,Viruses,,Negarnaviricota,Haploviricotina,Monjiviricetes,,Mononegavirales,,Rhabdoviridae,,Sigmavirus,,Drosophila affinis sigmavirus
248,,,Viruses,,Negarnaviricota,Haploviricotina,Monjiviricetes,,Mononegavirales,,Rhabdoviridae,,Sigmavirus,,Drosophila ananassae sigmavirus
249,,,Viruses,,Negarnaviricota,Haploviricotina,Monjiviricetes,,Mononegavirales,,Rhabdoviridae,,Sigmavirus,,Drosophila immigrans sigmavirus
250,,,Viruses,,Negarnaviricota,Haploviricotina,Monjiviricetes,,Mononegavirales,,Rhabdoviridae,,Sigmavirus,,Drosophila melanogaster sigmavirus
251,,,Viruses,,Negarnaviricota,Haploviricotina,Monjiviricetes,,Mononegavirales,,Rhabdoviridae,,Sigmavirus,,Drosophila obscura sigmavirus
252,,,Viruses,,Negarnaviricota,Haploviricotina,Monjiviricetes,,Mononegavirales,,Rhabdoviridae,,Sigmavirus,,Drosophila tristis sigmavirus
253,,,Viruses,,Negarnaviricota,Haploviricotina,Monjiviricetes,,Mononegavirales,,Rhabdoviridae,,Sigmavirus,,Muscina stabulans sigmavirus
254,,,Viruses,,Negarnaviricota,Haploviricotina,Monjiviricetes,,Mononegavirales,,Rhabdoviridae,,Sprivivirus,,Carp sprivivirus
255,,,Viruses,,Negarnaviricota,Haploviricotina,Monjiviricetes,,Mononegavirales,,Rhabdoviridae,,Sprivivirus,,Pike fry sprivivirus
256,,,Viruses,,Negarnaviricota,Haploviricotina,Monjiviricetes,,Mononegavirales,,Rhabdoviridae,,Sripuvirus,,Almpiwar sripuvirus
257,,,Viruses,,Negarnaviricota,Haploviricotina,Monjiviricetes,,Mononegavirales,,Rhabdoviridae,,Sripuvirus,,Chaco sripuvirus
258,,,Viruses,,Negarnaviricota,Haploviricotina,Monjiviricetes,,Mononegavirales,,Rhabdoviridae,,Sripuvirus,,Niakha sripuvirus
259,,,Viruses,,Negarnaviricota,Haploviricotina,Monjiviricetes,,Mononegavirales,,Rhabdoviridae,,Sripuvirus,,Sena Madureira sripuvirus
260,,,Viruses,,Negarnaviricota,Haploviricotina,Monjiviricetes,,Mononegavirales,,Rhabdoviridae,,Sripuvirus,,Sripur sripuvirus
261,,,Viruses,,Negarnaviricota,Haploviricotina,Monjiviricetes,,Mononegavirales,,Rhabdoviridae,,Tibrovirus,,Bas-Congo tibrovirus
262,,,Viruses,,Negarnaviricota,Haploviricotina,Monjiviricetes,,Mononegavirales,,Rhabdoviridae,,Tibrovirus,,Beatrice Hill tibrovirus
263,,,Viruses,,Negarnaviricota,Haploviricotina,Monjiviricetes,,Mononegavirales,,Rhabdoviridae,,Tibrovirus,,Coastal Plains tibrovirus
264,,,Viruses,,Negarnaviricota,Haploviricotina,Monjiviricetes,,Mononegavirales,,Rhabdoviridae,,Tibrovirus,,Ekpoma 1 tibrovirus
265,,,Viruses,,Negarnaviricota,Haploviricotina,Monjiviricetes,,Mononegavirales,,Rhabdoviridae,,Tibrovirus,,Ekpoma 2 tibrovirus
266,,,Viruses,,Negarnaviricota,Haploviricotina,Monjiviricetes,,Mononegavirales,,Rhabdoviridae,,Tibrovirus,,Sweetwater Branch tibrovirus
267,,,Viruses,,Negarnaviricota,Haploviricotina,Monjiviricetes,,Mononegavirales,,Rhabdoviridae,,Tibrovirus,,Tibrogargan tibrovirus
268,,,Viruses,,Negarnaviricota,Haploviricotina,Monjiviricetes,,Mononegavirales,,Rhabdoviridae,,Tupavirus,,Durham tupavirus
269,,,Viruses,,Negarnaviricota,Haploviricotina,Monjiviricetes,,Mononegavirales,,Rhabdoviridae,,Tupavirus,,Klamath tupavirus
270,,,Viruses,,Negarnaviricota,Haploviricotina,Monjiviricetes,,Mononegavirales,,Rhabdoviridae,,Tupavirus,,Tupaia tupavirus
271,,,Viruses,,Negarnaviricota,Haploviricotina,Monjiviricetes,,Mononegavirales,,Rhabdoviridae,,Varicosavirus,,Lettuce big-vein associated varicosavirus
272,,,Viruses,,Negarnaviricota,Haploviricotina,Monjiviricetes,,Mononegavirales,,Rhabdoviridae,,Vesiculovirus,,Alagoas vesiculovirus
273,,,Viruses,,Negarnaviricota,Haploviricotina,Monjiviricetes,,Mononegavirales,,Rhabdoviridae,,Vesiculovirus,,American bat vesiculovirus
274,,,Viruses,,Negarnaviricota,Haploviricotina,Monjiviricetes,,Mononegavirales,,Rhabdoviridae,,Vesiculovirus,,Carajas vesiculovirus
275,,,Viruses,,Negarnaviricota,Haploviricotina,Monjiviricetes,,Mononegavirales,,Rhabdoviridae,,Vesiculovirus,,Chandipura vesiculovirus
276,,,Viruses,,Negarnaviricota,Haploviricotina,Monjiviricetes,,Mononegavirales,,Rhabdoviridae,,Vesiculovirus,,Cocal vesiculovirus
277,,,Viruses,,Negarnaviricota,Haploviricotina,Monjiviricetes,,Mononegavirales,,Rhabdoviridae,,Vesiculovirus,,Indiana vesiculovirus
278,,,Viruses,,Negarnaviricota,Haploviricotina,Monjiviricetes,,Mononegavirales,,Rhabdoviridae,,Vesiculovirus,,Isfahan vesiculovirus
279,,,Viruses,,Negarnaviricota,Haploviricotina,Monjiviricetes,,Mononegavirales,,Rhabdoviridae,,Vesiculovirus,,Jurona vesiculovirus
280,,,Viruses,,Negarnaviricota,Haploviricotina,Monjiviricetes,,Mononegavirales,,Rhabdoviridae,,Vesiculovirus,,Malpais Spring vesiculovirus
281,,,Viruses,,Negarnaviricota,Haploviricotina,Monjiviricetes,,Mononegavirales,,Rhabdoviridae,,Vesiculovirus,,Maraba vesiculovirus
282,,,Viruses,,Negarnaviricota,Haploviricotina,Monjiviricetes,,Mononegavirales,,Rhabdoviridae,,Vesiculovirus,,Morreton vesiculovirus
283,,,Viruses,,Negarnaviricota,Haploviricotina,Monjiviricetes,,Mononegavirales,,Rhabdoviridae,,Vesiculovirus,,New Jersey vesiculovirus
284,,,Viruses,,Negarnaviricota,Haploviricotina,Monjiviricetes,,Mononegavirales,,Rhabdoviridae,,Vesiculovirus,,Perinet vesiculovirus
285,,,Viruses,,Negarnaviricota,Haploviricotina,Monjiviricetes,,Mononegavirales,,Rhabdoviridae,,Vesiculovirus,,Piry vesiculovirus
286,,,Viruses,,Negarnaviricota,Haploviricotina,Monjiviricetes,,Mononegavirales,,Rhabdoviridae,,Vesiculovirus,,Radi vesiculovirus
287,,,Viruses,,Negarnaviricota,Haploviricotina,Monjiviricetes,,Mononegavirales,,Rhabdoviridae,,Vesiculovirus,,Yug Bogdanovac vesiculovirus
288,,,Viruses,,Negarnaviricota,Haploviricotina,Monjiviricetes,,Mononegavirales,,Rhabdoviridae,,,,Moussa virus
289,,,Viruses,,Negarnaviricota,Haploviricotina,Monjiviricetes,,Mononegavirales,,Sunviridae,,Sunshinevirus,,Reptile sunshinevirus 1
290,,,Viruses,,Negarnaviricota,Haploviricotina,Monjiviricetes,,Mononegavirales,,Xinmoviridae,,Anphevirus,,Bolahun anphevirus
291,,,Viruses,,Negarnaviricota,Haploviricotina,Monjiviricetes,,Mononegavirales,,Xinmoviridae,,Anphevirus,,Dipteran anphevirus
292,,,Viruses,,Negarnaviricota,Haploviricotina,Monjiviricetes,,Mononegavirales,,Xinmoviridae,,Anphevirus,,Drosophilid anphevirus
293,,,Viruses,,Negarnaviricota,Haploviricotina,Monjiviricetes,,Mononegavirales,,Xinmoviridae,,Anphevirus,,Odonate anphevirus
294,,,Viruses,,Negarnaviricota,Haploviricotina,Monjiviricetes,,Mononegavirales,,Xinmoviridae,,Anphevirus,,Orthopteran anphevirus
295,,,Viruses,,Negarnaviricota,Haploviricotina,Monjiviricetes,,Mononegavirales,,Xinmoviridae,,Anphevirus,,Shuangao anphevirus
296,,,Viruses,,Negarnaviricota,Haploviricotina,Monjiviricetes,,Mononegavirales,,Xinmoviridae,,Anphevirus,,Xincheng anphevirus
297,,,Viruses,,Negarnaviricota,Haploviricotina,Yunchangviricetes,,Goujianvirales,,Yueviridae,,Yuyuevirus,,Beihai yuyuevirus
298,,,Viruses,,Negarnaviricota,Haploviricotina,Yunchangviricetes,,Goujianvirales,,Yueviridae,,Yuyuevirus,,Shahe yuyuevirus
299,,,Viruses,,Negarnaviricota,Polyploviricotina,Ellioviricetes,,Bunyavirales,,Arenaviridae,,Hartmanivirus,,Haartman hartmanivirus
300,,,Viruses,,Negarnaviricota,Polyploviricotina,Ellioviricetes,,Bunyavirales,,Arenaviridae,,Mammarenavirus,,Allpahuayo mammarenavirus
301,,,Viruses,,Negarnaviricota,Polyploviricotina,Ellioviricetes,,Bunyavirales,,Arenaviridae,,Mammarenavirus,,Argentinian mammarenavirus
302,,,Viruses,,Negarnaviricota,Polyploviricotina,Ellioviricetes,,Bunyavirales,,Arenaviridae,,Mammarenavirus,,Bear Canyon mammarenavirus
303,,,Viruses,,Negarnaviricota,Polyploviricotina,Ellioviricetes,,Bunyavirales,,Arenaviridae,,Mammarenavirus,,Brazilian mammarenavirus
304,,,Viruses,,Negarnaviricota,Polyploviricotina,Ellioviricetes,,Bunyavirales,,Arenaviridae,,Mammarenavirus,,Cali mammarenavirus
305,,,Viruses,,Negarnaviricota,Polyploviricotina,Ellioviricetes,,Bunyavirales,,Arenaviridae,,Mammarenavirus,,Chapare mammarenavirus
306,,,Viruses,,Negarnaviricota,Polyploviricotina,Ellioviricetes,,Bunyavirales,,Arenaviridae,,Mammarenavirus,,Cupixi mammarenavirus
307,,,Viruses,,Negarnaviricota,Polyploviricotina,Ellioviricetes,,Bunyavirales,,Arenaviridae,,Mammarenavirus,,Flexal mammarenavirus
308,,,Viruses,,Negarnaviricota,Polyploviricotina,Ellioviricetes,,Bunyavirales,,Arenaviridae,,Mammarenavirus,,Gairo mammarenavirus
309,,,Viruses,,Negarnaviricota,Polyploviricotina,Ellioviricetes,,Bunyavirales,,Arenaviridae,,Mammarenavirus,,Guanarito mammarenavirus
310,,,Viruses,,Negarnaviricota,Polyploviricotina,Ellioviricetes,,Bunyavirales,,Arenaviridae,,Mammarenavirus,,Ippy mammarenavirus
311,,,Viruses,,Negarnaviricota,Polyploviricotina,Ellioviricetes,,Bunyavirales,,Arenaviridae,,Mammarenavirus,,Lassa mammarenavirus
312,,,Viruses,,Negarnaviricota,Polyploviricotina,Ellioviricetes,,Bunyavirales,,Arenaviridae,,Mammarenavirus,,Latino mammarenavirus
313,,,Viruses,,Negarnaviricota,Polyploviricotina,Ellioviricetes,,Bunyavirales,,Arenaviridae,,Mammarenavirus,,Loei River mammarenavirus
314,,,Viruses,,Negarnaviricota,Polyploviricotina,Ellioviricetes,,Bunyavirales,,Arenaviridae,,Mammarenavirus,,Lujo mammarenavirus
315,,,Viruses,,Negarnaviricota,Polyploviricotina,Ellioviricetes,,Bunyavirales,,Arenaviridae,,Mammarenavirus,,Luna mammarenavirus
316,,,Viruses,,Negarnaviricota,Polyploviricotina,Ellioviricetes,,Bunyavirales,,Arenaviridae,,Mammarenavirus,,Lunk mammarenavirus
317,,,Viruses,,Negarnaviricota,Polyploviricotina,Ellioviricetes,,Bunyavirales,,Arenaviridae,,Mammarenavirus,,Lymphocytic choriomeningitis mammarenavirus
318,,,Viruses,,Negarnaviricota,Polyploviricotina,Ellioviricetes,,Bunyavirales,,Arenaviridae,,Mammarenavirus,,Machupo mammarenavirus
319,,,Viruses,,Negarnaviricota,Polyploviricotina,Ellioviricetes,,Bunyavirales,,Arenaviridae,,Mammarenavirus,,Mariental mammarenavirus
320,,,Viruses,,Negarnaviricota,Polyploviricotina,Ellioviricetes,,Bunyavirales,,Arenaviridae,,Mammarenavirus,,Merino Walk mammarenavirus
321,,,Viruses,,Negarnaviricota,Polyploviricotina,Ellioviricetes,,Bunyavirales,,Arenaviridae,,Mammarenavirus,,Mobala mammarenavirus
322,,,Viruses,,Negarnaviricota,Polyploviricotina,Ellioviricetes,,Bunyavirales,,Arenaviridae,,Mammarenavirus,,Mopeia mammarenavirus
323,,,Viruses,,Negarnaviricota,Polyploviricotina,Ellioviricetes,,Bunyavirales,,Arenaviridae,,Mammarenavirus,,Okahandja mammarenavirus
324,,,Viruses,,Negarnaviricota,Polyploviricotina,Ellioviricetes,,Bunyavirales,,Arenaviridae,,Mammarenavirus,,Oliveros mammarenavirus
325,,,Viruses,,Negarnaviricota,Polyploviricotina,Ellioviricetes,,Bunyavirales,,Arenaviridae,,Mammarenavirus,,Paraguayan mammarenavirus
326,,,Viruses,,Negarnaviricota,Polyploviricotina,Ellioviricetes,,Bunyavirales,,Arenaviridae,,Mammarenavirus,,Pirital mammarenavirus
327,,,Viruses,,Negarnaviricota,Polyploviricotina,Ellioviricetes,,Bunyavirales,,Arenaviridae,,Mammarenavirus,,Ryukyu mammarenavirus
328,,,Viruses,,Negarnaviricota,Polyploviricotina,Ellioviricetes,,Bunyavirales,,Arenaviridae,,Mammarenavirus,,Serra do Navio mammarenavirusÂ 
329,,,Viruses,,Negarnaviricota,Polyploviricotina,Ellioviricetes,,Bunyavirales,,Arenaviridae,,Mammarenavirus,,Solwezi mammarenavirus
330,,,Viruses,,Negarnaviricota,Polyploviricotina,Ellioviricetes,,Bunyavirales,,Arenaviridae,,Mammarenavirus,,Souris mammarenavirus
331,,,Viruses,,Negarnaviricota,Polyploviricotina,Ellioviricetes,,Bunyavirales,,Arenaviridae,,Mammarenavirus,,Tacaribe mammarenavirus
332,,,Viruses,,Negarnaviricota,Polyploviricotina,Ellioviricetes,,Bunyavirales,,Arenaviridae,,Mammarenavirus,,Tamiami mammarenavirus
333,,,Viruses,,Negarnaviricota,Polyploviricotina,Ellioviricetes,,Bunyavirales,,Arenaviridae,,Mammarenavirus,,Wenzhou mammarenavirus
334,,,Viruses,,Negarnaviricota,Polyploviricotina,Ellioviricetes,,Bunyavirales,,Arenaviridae,,Mammarenavirus,,Whitewater Arroyo mammarenavirus
335,,,Viruses,,Negarnaviricota,Polyploviricotina,Ellioviricetes,,Bunyavirales,,Arenaviridae,,Reptarenavirus,,California reptarenavirus
336,,,Viruses,,Negarnaviricota,Polyploviricotina,Ellioviricetes,,Bunyavirales,,Arenaviridae,,Reptarenavirus,,Giessen reptarenavirus
337,,,Viruses,,Negarnaviricota,Polyploviricotina,Ellioviricetes,,Bunyavirales,,Arenaviridae,,Reptarenavirus,,Golden reptarenavirus
338,,,Viruses,,Negarnaviricota,Polyploviricotina,Ellioviricetes,,Bunyavirales,,Arenaviridae,,Reptarenavirus,,Ordinary reptarenavirus
339,,,Viruses,,Negarnaviricota,Polyploviricotina,Ellioviricetes,,Bunyavirales,,Arenaviridae,,Reptarenavirus,,Rotterdam reptarenavirus
340,,,Viruses,,Negarnaviricota,Polyploviricotina,Ellioviricetes,,Bunyavirales,,Cruliviridae,,Lincruvirus,,Crustacean lincruvirus
341,,,Viruses,,Negarnaviricota,Polyploviricotina,Ellioviricetes,,Bunyavirales,,Fimoviridae,,Emaravirus,,Actinidia chlorotic ringspot-associated emaravirus
342,,,Viruses,,Negarnaviricota,Polyploviricotina,Ellioviricetes,,Bunyavirales,,Fimoviridae,,Emaravirus,,European mountain ash ringspot-associated emaravirus
343,,,Viruses,,Negarnaviricota,Polyploviricotina,Ellioviricetes,,Bunyavirales,,Fimoviridae,,Emaravirus,,Fig mosaic emaravirus
344,,,Viruses,,Negarnaviricota,Polyploviricotina,Ellioviricetes,,Bunyavirales,,Fimoviridae,,Emaravirus,,High Plains wheat mosaic emaravirus
345,,,Viruses,,Negarnaviricota,Polyploviricotina,Ellioviricetes,,Bunyavirales,,Fimoviridae,,Emaravirus,,Pigeonpea sterility mosaic emaravirus 1
346,,,Viruses,,Negarnaviricota,Polyploviricotina,Ellioviricetes,,Bunyavirales,,Fimoviridae,,Emaravirus,,Pigeonpea sterility mosaic emaravirus 2
347,,,Viruses,,Negarnaviricota,Polyploviricotina,Ellioviricetes,,Bunyavirales,,Fimoviridae,,Emaravirus,,Raspberry leaf blotch emaravirus
348,,,Viruses,,Negarnaviricota,Polyploviricotina,Ellioviricetes,,Bunyavirales,,Fimoviridae,,Emaravirus,,Redbud yellow ringspot-associated emaravirus
349,,,Viruses,,Negarnaviricota,Polyploviricotina,Ellioviricetes,,Bunyavirales,,Fimoviridae,,Emaravirus,,Rose rosette emaravirus
350,,,Viruses,,Negarnaviricota,Polyploviricotina,Ellioviricetes,,Bunyavirales,,Hantaviridae,,Loanvirus,,Longquan loanvirus
351,,,Viruses,,Negarnaviricota,Polyploviricotina,Ellioviricetes,,Bunyavirales,,Hantaviridae,,Mobatvirus,,Laibin mobatvirus
352,,,Viruses,,Negarnaviricota,Polyploviricotina,Ellioviricetes,,Bunyavirales,,Hantaviridae,,Mobatvirus,,Nova mobatvirus
353,,,Viruses,,Negarnaviricota,Polyploviricotina,Ellioviricetes,,Bunyavirales,,Hantaviridae,,Mobatvirus,,Quezon mobatvirus
354,,,Viruses,,Negarnaviricota,Polyploviricotina,Ellioviricetes,,Bunyavirales,,Hantaviridae,,Orthohantavirus,,Amga orthohantavirus
355,,,Viruses,,Negarnaviricota,Polyploviricotina,Ellioviricetes,,Bunyavirales,,Hantaviridae,,Orthohantavirus,,Andes orthohantavirus
356,,,Viruses,,Negarnaviricota,Polyploviricotina,Ellioviricetes,,Bunyavirales,,Hantaviridae,,Orthohantavirus,,Asama orthohantavirus
357,,,Viruses,,Negarnaviricota,Polyploviricotina,Ellioviricetes,,Bunyavirales,,Hantaviridae,,Orthohantavirus,,Asikkala orthohantavirus
358,,,Viruses,,Negarnaviricota,Polyploviricotina,Ellioviricetes,,Bunyavirales,,Hantaviridae,,Orthohantavirus,,Bayou orthohantavirus
359,,,Viruses,,Negarnaviricota,Polyploviricotina,Ellioviricetes,,Bunyavirales,,Hantaviridae,,Orthohantavirus,,Black Creek Canal orthohantavirus
360,,,Viruses,,Negarnaviricota,Polyploviricotina,Ellioviricetes,,Bunyavirales,,Hantaviridae,,Orthohantavirus,,Bowe orthohantavirus
361,,,Viruses,,Negarnaviricota,Polyploviricotina,Ellioviricetes,,Bunyavirales,,Hantaviridae,,Orthohantavirus,,Bruges orthohantavirus
362,,,Viruses,,Negarnaviricota,Polyploviricotina,Ellioviricetes,,Bunyavirales,,Hantaviridae,,Orthohantavirus,,Cano Delgadito orthohantavirus
363,,,Viruses,,Negarnaviricota,Polyploviricotina,Ellioviricetes,,Bunyavirales,,Hantaviridae,,Orthohantavirus,,Cao Bang orthohantavirus
364,,,Viruses,,Negarnaviricota,Polyploviricotina,Ellioviricetes,,Bunyavirales,,Hantaviridae,,Orthohantavirus,,Choclo orthohantavirus
365,,,Viruses,,Negarnaviricota,Polyploviricotina,Ellioviricetes,,Bunyavirales,,Hantaviridae,,Orthohantavirus,,Dabieshan orthohantavirus
366,,,Viruses,,Negarnaviricota,Polyploviricotina,Ellioviricetes,,Bunyavirales,,Hantaviridae,,Orthohantavirus,,Dobrava-Belgrade orthohantavirus
367,,,Viruses,,Negarnaviricota,Polyploviricotina,Ellioviricetes,,Bunyavirales,,Hantaviridae,,Orthohantavirus,,El Moro Canyon orthohantavirus
368,,,Viruses,,Negarnaviricota,Polyploviricotina,Ellioviricetes,,Bunyavirales,,Hantaviridae,,Orthohantavirus,,Fugong orthohantavirus
369,,,Viruses,,Negarnaviricota,Polyploviricotina,Ellioviricetes,,Bunyavirales,,Hantaviridae,,Orthohantavirus,,Fusong orthohantavirus
370,,,Viruses,,Negarnaviricota,Polyploviricotina,Ellioviricetes,,Bunyavirales,,Hantaviridae,,Orthohantavirus,,Hantaan orthohantavirus
371,,,Viruses,,Negarnaviricota,Polyploviricotina,Ellioviricetes,,Bunyavirales,,Hantaviridae,,Orthohantavirus,,Jeju orthohantavirus
372,,,Viruses,,Negarnaviricota,Polyploviricotina,Ellioviricetes,,Bunyavirales,,Hantaviridae,,Orthohantavirus,,Kenkeme orthohantavirus
373,,,Viruses,,Negarnaviricota,Polyploviricotina,Ellioviricetes,,Bunyavirales,,Hantaviridae,,Orthohantavirus,,Khabarovsk orthohantavirus
374,,,Viruses,,Negarnaviricota,Polyploviricotina,Ellioviricetes,,Bunyavirales,,Hantaviridae,,Orthohantavirus,,Laguna Negra orthohantavirus
375,,,Viruses,,Negarnaviricota,Polyploviricotina,Ellioviricetes,,Bunyavirales,,Hantaviridae,,Orthohantavirus,,Luxi orthohantavirus
376,,,Viruses,,Negarnaviricota,Polyploviricotina,Ellioviricetes,,Bunyavirales,,Hantaviridae,,Orthohantavirus,,Maporal orthohantavirus
377,,,Viruses,,Negarnaviricota,Polyploviricotina,Ellioviricetes,,Bunyavirales,,Hantaviridae,,Orthohantavirus,,Montano orthohantavirus
378,,,Viruses,,Negarnaviricota,Polyploviricotina,Ellioviricetes,,Bunyavirales,,Hantaviridae,,Orthohantavirus,,Necocli orthohantavirus
379,,,Viruses,,Negarnaviricota,Polyploviricotina,Ellioviricetes,,Bunyavirales,,Hantaviridae,,Orthohantavirus,,Oxbow orthohantavirus
380,,,Viruses,,Negarnaviricota,Polyploviricotina,Ellioviricetes,,Bunyavirales,,Hantaviridae,,Orthohantavirus,,Prospect Hill orthohantavirus
381,,,Viruses,,Negarnaviricota,Polyploviricotina,Ellioviricetes,,Bunyavirales,,Hantaviridae,,Orthohantavirus,,Puumala orthohantavirus
382,,,Viruses,,Negarnaviricota,Polyploviricotina,Ellioviricetes,,Bunyavirales,,Hantaviridae,,Orthohantavirus,,Rockport orthohantavirus
383,,,Viruses,,Negarnaviricota,Polyploviricotina,Ellioviricetes,,Bunyavirales,,Hantaviridae,,Orthohantavirus,,Sangassou orthohantavirus
384,,,Viruses,,Negarnaviricota,Polyploviricotina,Ellioviricetes,,Bunyavirales,,Hantaviridae,,Orthohantavirus,,Seoul orthohantavirus
385,,,Viruses,,Negarnaviricota,Polyploviricotina,Ellioviricetes,,Bunyavirales,,Hantaviridae,,Orthohantavirus,,Sin Nombre orthohantavirus
386,,,Viruses,,Negarnaviricota,Polyploviricotina,Ellioviricetes,,Bunyavirales,,Hantaviridae,,Orthohantavirus,,Thailand orthohantavirus
387,,,Viruses,,Negarnaviricota,Polyploviricotina,Ellioviricetes,,Bunyavirales,,Hantaviridae,,Orthohantavirus,,Tula orthohantavirus
388,,,Viruses,,Negarnaviricota,Polyploviricotina,Ellioviricetes,,Bunyavirales,,Hantaviridae,,Orthohantavirus,,Yakeshi orthohantavirus
389,,,Viruses,,Negarnaviricota,Polyploviricotina,Ellioviricetes,,Bunyavirales,,Hantaviridae,,Thottimvirus,,Imjin thottimvirus
390,,,Viruses,,Negarnaviricota,Polyploviricotina,Ellioviricetes,,Bunyavirales,,Hantaviridae,,Thottimvirus,,Thottopalayam thottimvirus
391,,,Viruses,,Negarnaviricota,Polyploviricotina,Ellioviricetes,,Bunyavirales,,Mypoviridae,,Hubavirus,,Myriapod hubavirus
392,,,Viruses,,Negarnaviricota,Polyploviricotina,Ellioviricetes,,Bunyavirales,,Nairoviridae,,Orthonairovirus,,Artashat orthonairovirus
393,,,Viruses,,Negarnaviricota,Polyploviricotina,Ellioviricetes,,Bunyavirales,,Nairoviridae,,Orthonairovirus,,Chim orthonairovirus
394,,,Viruses,,Negarnaviricota,Polyploviricotina,Ellioviricetes,,Bunyavirales,,Nairoviridae,,Orthonairovirus,,Crimean-Congo hemorrhagic fever orthonairovirus
395,,,Viruses,,Negarnaviricota,Polyploviricotina,Ellioviricetes,,Bunyavirales,,Nairoviridae,,Orthonairovirus,,Dera Ghazi Khan orthonairovirus
396,,,Viruses,,Negarnaviricota,Polyploviricotina,Ellioviricetes,,Bunyavirales,,Nairoviridae,,Orthonairovirus,,Dugbe orthonairovirus
397,,,Viruses,,Negarnaviricota,Polyploviricotina,Ellioviricetes,,Bunyavirales,,Nairoviridae,,Orthonairovirus,,Hazara orthonairovirus
398,,,Viruses,,Negarnaviricota,Polyploviricotina,Ellioviricetes,,Bunyavirales,,Nairoviridae,,Orthonairovirus,,Hughes orthonairovirus
399,,,Viruses,,Negarnaviricota,Polyploviricotina,Ellioviricetes,,Bunyavirales,,Nairoviridae,,Orthonairovirus,,Kasokero orthonairovirus
400,,,Viruses,,Negarnaviricota,Polyploviricotina,Ellioviricetes,,Bunyavirales,,Nairoviridae,,Orthonairovirus,,Keterah orthonairovirus
401,,,Viruses,,Negarnaviricota,Polyploviricotina,Ellioviricetes,,Bunyavirales,,Nairoviridae,,Orthonairovirus,,Nairobi sheep disease orthonairovirus
402,,,Viruses,,Negarnaviricota,Polyploviricotina,Ellioviricetes,,Bunyavirales,,Nairoviridae,,Orthonairovirus,,Qalyub orthonairovirus
403,,,Viruses,,Negarnaviricota,Polyploviricotina,Ellioviricetes,,Bunyavirales,,Nairoviridae,,Orthonairovirus,,Sakhalin orthonairovirus
404,,,Viruses,,Negarnaviricota,Polyploviricotina,Ellioviricetes,,Bunyavirales,,Nairoviridae,,Orthonairovirus,,Tamdy orthonairovirus
405,,,Viruses,,Negarnaviricota,Polyploviricotina,Ellioviricetes,,Bunyavirales,,Nairoviridae,,Orthonairovirus,,Thiafora orthonairovirus
406,,,Viruses,,Negarnaviricota,Polyploviricotina,Ellioviricetes,,Bunyavirales,,Nairoviridae,,Shaspivirus,,Spider shaspivirus
407,,,Viruses,,Negarnaviricota,Polyploviricotina,Ellioviricetes,,Bunyavirales,,Nairoviridae,,Striwavirus,,Strider striwavirus
408,,,Viruses,,Negarnaviricota,Polyploviricotina,Ellioviricetes,,Bunyavirales,,Peribunyaviridae,,Herbevirus,,Herbert herbevirus
409,,,Viruses,,Negarnaviricota,Polyploviricotina,Ellioviricetes,,Bunyavirales,,Peribunyaviridae,,Herbevirus,,Kibale herbevirus
410,,,Viruses,,Negarnaviricota,Polyploviricotina,Ellioviricetes,,Bunyavirales,,Peribunyaviridae,,Herbevirus,,Tai herbevirus
411,,,Viruses,,Negarnaviricota,Polyploviricotina,Ellioviricetes,,Bunyavirales,,Peribunyaviridae,,Orthobunyavirus,,Acara orthobunyavirus
412,,,Viruses,,Negarnaviricota,Polyploviricotina,Ellioviricetes,,Bunyavirales,,Peribunyaviridae,,Orthobunyavirus,,Akabane orthobunyavirus
413,,,Viruses,,Negarnaviricota,Polyploviricotina,Ellioviricetes,,Bunyavirales,,Peribunyaviridae,,Orthobunyavirus,,Alajuela orthobunyavirus
414,,,Viruses,,Negarnaviricota,Polyploviricotina,Ellioviricetes,,Bunyavirales,,Peribunyaviridae,,Orthobunyavirus,,Anopheles A orthobunyavirus
415,,,Viruses,,Negarnaviricota,Polyploviricotina,Ellioviricetes,,Bunyavirales,,Peribunyaviridae,,Orthobunyavirus,,Anopheles B orthobunyavirus
416,,,Viruses,,Negarnaviricota,Polyploviricotina,Ellioviricetes,,Bunyavirales,,Peribunyaviridae,,Orthobunyavirus,,Bakau orthobunyavirus
417,,,Viruses,,Negarnaviricota,Polyploviricotina,Ellioviricetes,,Bunyavirales,,Peribunyaviridae,,Orthobunyavirus,,Batama orthobunyavirus
418,,,Viruses,,Negarnaviricota,Polyploviricotina,Ellioviricetes,,Bunyavirales,,Peribunyaviridae,,Orthobunyavirus,,Benevides orthobunyavirus
419,,,Viruses,,Negarnaviricota,Polyploviricotina,Ellioviricetes,,Bunyavirales,,Peribunyaviridae,,Orthobunyavirus,,Bertioga orthobunyavirus
420,,,Viruses,,Negarnaviricota,Polyploviricotina,Ellioviricetes,,Bunyavirales,,Peribunyaviridae,,Orthobunyavirus,,Bimiti orthobunyavirus
421,,,Viruses,,Negarnaviricota,Polyploviricotina,Ellioviricetes,,Bunyavirales,,Peribunyaviridae,,Orthobunyavirus,,Botambi orthobunyavirus
422,,,Viruses,,Negarnaviricota,Polyploviricotina,Ellioviricetes,,Bunyavirales,,Peribunyaviridae,,Orthobunyavirus,,Bunyamwera orthobunyavirus
423,,,Viruses,,Negarnaviricota,Polyploviricotina,Ellioviricetes,,Bunyavirales,,Peribunyaviridae,,Orthobunyavirus,,Bushbush orthobunyavirus
424,,,Viruses,,Negarnaviricota,Polyploviricotina,Ellioviricetes,,Bunyavirales,,Peribunyaviridae,,Orthobunyavirus,,Bwamba orthobunyavirus
425,,,Viruses,,Negarnaviricota,Polyploviricotina,Ellioviricetes,,Bunyavirales,,Peribunyaviridae,,Orthobunyavirus,,California encephalitis orthobunyavirus
426,,,Viruses,,Negarnaviricota,Polyploviricotina,Ellioviricetes,,Bunyavirales,,Peribunyaviridae,,Orthobunyavirus,,Capim orthobunyavirus
427,,,Viruses,,Negarnaviricota,Polyploviricotina,Ellioviricetes,,Bunyavirales,,Peribunyaviridae,,Orthobunyavirus,,Caraparu orthobunyavirus
428,,,Viruses,,Negarnaviricota,Polyploviricotina,Ellioviricetes,,Bunyavirales,,Peribunyaviridae,,Orthobunyavirus,,Catu orthobunyavirus
429,,,Viruses,,Negarnaviricota,Polyploviricotina,Ellioviricetes,,Bunyavirales,,Peribunyaviridae,,Orthobunyavirus,,Estero Real orthobunyavirus
430,,,Viruses,,Negarnaviricota,Polyploviricotina,Ellioviricetes,,Bunyavirales,,Peribunyaviridae,,Orthobunyavirus,,Gamboa orthobunyavirus
431,,,Viruses,,Negarnaviricota,Polyploviricotina,Ellioviricetes,,Bunyavirales,,Peribunyaviridae,,Orthobunyavirus,,Guajara orthobunyavirus
432,,,Viruses,,Negarnaviricota,Polyploviricotina,Ellioviricetes,,Bunyavirales,,Peribunyaviridae,,Orthobunyavirus,,Guama orthobunyavirus
433,,,Viruses,,Negarnaviricota,Polyploviricotina,Ellioviricetes,,Bunyavirales,,Peribunyaviridae,,Orthobunyavirus,,Guaroa orthobunyavirus
434,,,Viruses,,Negarnaviricota,Polyploviricotina,Ellioviricetes,,Bunyavirales,,Peribunyaviridae,,Orthobunyavirus,,Kaeng Khoi orthobunyavirus
435,,,Viruses,,Negarnaviricota,Polyploviricotina,Ellioviricetes,,Bunyavirales,,Peribunyaviridae,,Orthobunyavirus,,Kairi orthobunyavirus
436,,,Viruses,,Negarnaviricota,Polyploviricotina,Ellioviricetes,,Bunyavirales,,Peribunyaviridae,,Orthobunyavirus,,Koongol orthobunyavirus
437,,,Viruses,,Negarnaviricota,Polyploviricotina,Ellioviricetes,,Bunyavirales,,Peribunyaviridae,,Orthobunyavirus,,Madrid orthobunyavirus
438,,,Viruses,,Negarnaviricota,Polyploviricotina,Ellioviricetes,,Bunyavirales,,Peribunyaviridae,,Orthobunyavirus,,Main Drain orthobunyavirus
439,,,Viruses,,Negarnaviricota,Polyploviricotina,Ellioviricetes,,Bunyavirales,,Peribunyaviridae,,Orthobunyavirus,,Manzanilla orthobunyavirus
440,,,Viruses,,Negarnaviricota,Polyploviricotina,Ellioviricetes,,Bunyavirales,,Peribunyaviridae,,Orthobunyavirus,,Marituba orthobunyavirus
441,,,Viruses,,Negarnaviricota,Polyploviricotina,Ellioviricetes,,Bunyavirales,,Peribunyaviridae,,Orthobunyavirus,,Minatitlan orthobunyavirus
442,,,Viruses,,Negarnaviricota,Polyploviricotina,Ellioviricetes,,Bunyavirales,,Peribunyaviridae,,Orthobunyavirus,,MPoko orthobunyavirus
443,,,Viruses,,Negarnaviricota,Polyploviricotina,Ellioviricetes,,Bunyavirales,,Peribunyaviridae,,Orthobunyavirus,,Nyando orthobunyavirus
444,,,Viruses,,Negarnaviricota,Polyploviricotina,Ellioviricetes,,Bunyavirales,,Peribunyaviridae,,Orthobunyavirus,,Olifantsvlei orthobunyavirus
445,,,Viruses,,Negarnaviricota,Polyploviricotina,Ellioviricetes,,Bunyavirales,,Peribunyaviridae,,Orthobunyavirus,,Oriboca orthobunyavirus
446,,,Viruses,,Negarnaviricota,Polyploviricotina,Ellioviricetes,,Bunyavirales,,Peribunyaviridae,,Orthobunyavirus,,Oropouche orthobunyavirus
447,,,Viruses,,Negarnaviricota,Polyploviricotina,Ellioviricetes,,Bunyavirales,,Peribunyaviridae,,Orthobunyavirus,,Patois orthobunyavirus
448,,,Viruses,,Negarnaviricota,Polyploviricotina,Ellioviricetes,,Bunyavirales,,Peribunyaviridae,,Orthobunyavirus,,Sathuperi orthobunyavirus
449,,,Viruses,,Negarnaviricota,Polyploviricotina,Ellioviricetes,,Bunyavirales,,Peribunyaviridae,,Orthobunyavirus,,Shamonda orthobunyavirus
450,,,Viruses,,Negarnaviricota,Polyploviricotina,Ellioviricetes,,Bunyavirales,,Peribunyaviridae,,Orthobunyavirus,,Shuni orthobunyavirus
451,,,Viruses,,Negarnaviricota,Polyploviricotina,Ellioviricetes,,Bunyavirales,,Peribunyaviridae,,Orthobunyavirus,,Simbu orthobunyavirus
452,,,Viruses,,Negarnaviricota,Polyploviricotina,Ellioviricetes,,Bunyavirales,,Peribunyaviridae,,Orthobunyavirus,,Tacaiuma orthobunyavirus
453,,,Viruses,,Negarnaviricota,Polyploviricotina,Ellioviricetes,,Bunyavirales,,Peribunyaviridae,,Orthobunyavirus,,Tete orthobunyavirus
454,,,Viruses,,Negarnaviricota,Polyploviricotina,Ellioviricetes,,Bunyavirales,,Peribunyaviridae,,Orthobunyavirus,,Thimiri orthobunyavirus
455,,,Viruses,,Negarnaviricota,Polyploviricotina,Ellioviricetes,,Bunyavirales,,Peribunyaviridae,,Orthobunyavirus,,Timboteua orthobunyavirus
456,,,Viruses,,Negarnaviricota,Polyploviricotina,Ellioviricetes,,Bunyavirales,,Peribunyaviridae,,Orthobunyavirus,,Turlock orthobunyavirus
457,,,Viruses,,Negarnaviricota,Polyploviricotina,Ellioviricetes,,Bunyavirales,,Peribunyaviridae,,Orthobunyavirus,,Wolkberg orthobunyavirus
458,,,Viruses,,Negarnaviricota,Polyploviricotina,Ellioviricetes,,Bunyavirales,,Peribunyaviridae,,Orthobunyavirus,,Wyeomyia orthobunyavirus
459,,,Viruses,,Negarnaviricota,Polyploviricotina,Ellioviricetes,,Bunyavirales,,Peribunyaviridae,,Orthobunyavirus,,Zegla orthobunyavirus
460,,,Viruses,,Negarnaviricota,Polyploviricotina,Ellioviricetes,,Bunyavirales,,Peribunyaviridae,,Shangavirus,,Insect shangavirus
461,,,Viruses,,Negarnaviricota,Polyploviricotina,Ellioviricetes,,Bunyavirales,,Peribunyaviridae,,Tospovirus,,Groundnut bud necrosis tospovirus
462,,,Viruses,,Negarnaviricota,Polyploviricotina,Ellioviricetes,,Bunyavirales,,Peribunyaviridae,,Tospovirus,,Groundnut ringspot tospovirus
463,,,Viruses,,Negarnaviricota,Polyploviricotina,Ellioviricetes,,Bunyavirales,,Peribunyaviridae,,Tospovirus,,Groundnut yellow spot tospovirus
464,,,Viruses,,Negarnaviricota,Polyploviricotina,Ellioviricetes,,Bunyavirales,,Peribunyaviridae,,Tospovirus,,Impatiens necrotic spot tospovirus
465,,,Viruses,,Negarnaviricota,Polyploviricotina,Ellioviricetes,,Bunyavirales,,Peribunyaviridae,,Tospovirus,,Iris yellow spot tospovirus
466,,,Viruses,,Negarnaviricota,Polyploviricotina,Ellioviricetes,,Bunyavirales,,Peribunyaviridae,,Tospovirus,,Polygonum ringspot tospovirus
467,,,Viruses,,Negarnaviricota,Polyploviricotina,Ellioviricetes,,Bunyavirales,,Peribunyaviridae,,Tospovirus,,Tomato chlorotic spot tospovirus
468,,,Viruses,,Negarnaviricota,Polyploviricotina,Ellioviricetes,,Bunyavirales,,Peribunyaviridae,,Tospovirus,,Tomato spotted wilt tospovirus